{
    "releases": [
        {
            "version": "1.0.2",
            "date": "28/03/2020",
            "details": [
                { "badge": "Fix", "text": "Ace editor issue on dolibarr 11.x" }
            ]
        },
        {
            "version": "1.0.1",
            "date": "29/07/2019",
            "details": [
                { "badge": "New", "text": "Added generic menus & permissions to module class" },
                { "badge": "New", "text": "Added check for updates button in about page" },
                { "badge": "Upgrade", "text": "Added & updated some libraries" },
                { "badge": "Fix", "text": "Few bugs" }
            ]
        },
        {
            "version": "1.0.0",
            "date": "25/02/2019",
            "details": [
                { "badge": "", "text": "Initial release" }
            ]
        }
    ]
}
